SKU,Replacement
Q9-141I-3SYL,BLUE-SQ-02
YO-O9EG-MLQQ,BLUE-SQ-04
C9-R9K1-M7M6,GREY-SQ-02
28-LVN5-66OM,S.BLUE-4COM-02
Pack of 2 LB,S.BLUE-4COM-02
BL-3WUY-4T40,S.BLUE-SQ-02
NE-6TSS-13G4,VIOLET+GREEN+YELLOW-HEX-03
JO-0S7K-YRNC,L.COLOR-3COM-03
0K-9DYX-73V0,PEACH-RH-01
DS-LKLH-GM1F,BLACK-CR+BALL-02
OT-2BVD-8JS4,BLACK-BALL-04
6P-OIUG-HKV2,GREEN-RH-01
9F-8H3R-F7AL,BLACK-RH-01
KX-P47Y-ZJST,PEACH-RH-01
DF-3SBR-ZA52,S.BLUE-SQ-01
7M-46T2-O4BC,BLACK-BALL-01
J7-7DKA-IVPD,GREEN-BALL-01
ND-WIXY-XPBD,BLACK-BALL-01
NH-875K-XA6X,PEACH-RH-01
DD-VO86-X4NM,BLACK-CR-01
DZ-YXTH-LXI4,BLACK-CR-02
M3-T7GN-S5QW,WHITE-HEART-02
SD-Z2UC-U4J1,WHITE-HEART-02
SAGA-4COM-01,L.SAGA-4COM-01
S7-FUBS-O55G,BLACK-SQ-02
D8-07FH-VUD6,L.SAGA-3COM-01
2G-T3XE-Y8FJ,BLACK-BALL-01
NH-5VZC-DXW7,BLACK-CR/L-01
CF-NZQ3-GZYQ,BLACK-BALL-01
MJ-V418-ZP81,BLACK-BALL-01
EL-73EI-7SCN,PINK-HEART-02
E4-SL2X-4POK,COLOR-LID-02
VR-HNVR-U5ZM,ORANGE-SQ-02
5N-PQ3S-VBNE,BLACK-CR-01
TB-XN2E-0SYX,GREEN-CR-01
YR-VVND-DQO5,GREY-CR-01
H1-0ECH-ESPF,VIOLET-CR-01
9T-S83N-UBER,WHITE-CR-01
2J-SH3Z-9QCI,VIOLET-CR-1
2J-SH3Z-9QCI,BLACK-SQ-1
2J-SH3Z-9QCI,BLUE-BBALL-1
QD-RN42-CLOM,BLACK-CR-01
QD-RN42-CLOM,MAG-AT-02
HJ-3HHH-C7B4,BLACK-CR-01
HJ-3HHH-C7B4,GREEN-FBALL-01
HJ-3HHH-C7B4,PEACH-RH-01
ZE-GHTJ-UYC0,GREY-CR-01
ZE-GHTJ-UYC0,BLUE-SQ-01
ZE-GHTJ-UYC0,MAG-RH-01
NT-TQJV-XSKL,D.BLUE+MAG-4COM-02
3M-GPYN-SHGW,S.BLUE+D.BLUE-4COM-02
CN-SFXK-RK60,ORANGE+PINK-4COM-02
2K-5LSS-2U2Z,PEACH+L.GREEN-4COM-02
W9-KWP6-OE3M,BLACK-RH-01
UL-QZCH-9L2W,BLACK-RH-01
ET-YHTW-ZDDB,MAG-RH-01
IT-HE4E-026U,BLACK-RH-01
KC-TF83-TK26,VIOLET-RH-01
4T-6ZOV-PYFM,PEACH-RH-01
2E-6EFS-ENZZ,L.PINK-4COM-01
HX-69GL-DT7D,L.PINK-4COM-01
2F-XZ94-EJ8Y,ORANGE-4COM-01
RM-LUBO-MWMQ,L.VIOLET-4COM-01
06-Q57C-OHJR,S.BLUE-4COM-01
ZM-74AC-P2GP,L.PINK-4COM-01
Z1-GFLX-USYU,GREEN-4COM-01
21-RXJ9-6CGG,WHITE-HEART-02
8C-JPVS-HYLC,PINK-HEART-02
HQ-5HGN-Z993,BROWN-HEART-02
41-PUVQ-VYCH,VIOLET-HEART-02
AC-VK75-YIS2,BLUE-HEART-02
4Q-Y3CG-635L,GREEN-HEART-02
YU-FTID-AWJZ,BLUE-CR-01
X7-G099-XJW0,MAG-CR-01
10-4EG1-XGW7,BLACK-CR-01
7D-4G3G-W1RV,BLUE-CR-01
EU-LM80-G9PX,L.GREEN-CR-01
EJ-D4ND-K97P,GREY-CR-01
MA-BF9O-077S,RED-CR-01
UZ-09LY-LSHM,VIOLET-CR-01
UN-XOQV-VJ3M,WHITE-CR-01
LBLB-2,L.GREEN-3COM-1
LBLB-2,D.VIOLET-4COM-1
LBMA-3,PINK-3COM-01
LBMA-3,BLUE-MAT-02
LBGL-3,L.SAGA-3COM-1
LBGL-3,COLOR-LID-01
LBGL-3,PINK-GLOV-01
BLUE-4COM-HT2-03,S.BLUE-4COM-HEART2-03
GREY-4COM-MAT2-03,GREY-4COM+MAT2-03
SBLUE-4COM-VIO-BALL-02,S.BLUE-4COM-01
SBLUE-4COM-VIO-BALL-02,VIOLET-BBALL-01
LPINK-4COM-VIOLET-CR,VIOLET-CR/L-01
LPINK-4COM-VIOLET-CR,L.PINK-4COM-01
SAGA-4COM-BK-GL-ORG-LID-03,SAGA-4COM-01
SAGA-4COM-BK-GL-ORG-LID-03,ORANGE-LID-01
SAGA-4COM-BK-GL-ORG-LID-03,BLACK-GLOV-01
LGREEN-4COM-RH+02,GREEN-4COM+RH-02
LGREEN-4COM-VIO-SQ-02,GREEN-4COM-01
LGREEN-4COM-VIO-SQ-02,VIOLET-SQ-01
FV-HXMD-3S2J,GREEN-3COM-01
SK-ZFD7-YU3D,MAG-3COM-01
QC-2FC8-IKE4,RED-3COM-01
86-VEYL-AJ1C,VIOLET-3COM-01
2M-07SN-RHBL,D.BLUE-3COM-01
DF-S975-JW3D,WHITE-3COM-01
HE-NPG6-5P5C,GREY-3COM-01
BLUE-4COM-01,BLUE-4COM-01
DGREEN-4COM-01,DGREEN-4COM-01
DPINK-4COM-01,DPINK-4COM-01
GREY-4COM-01,GREY-4COM-01
LGREEN-4COM-01,LGREEN-4COM-01
LPINK-4COM-01,LPINK-4COM-01
PEACH-4COM-01,PEACH-4COM-01
PINK-4COM-01,PINK-4COM-01
SAGA-4COM-001,SAGA-4COM-001
SBLUE-4COM-01,SBLUE-4COM-01
VIOLET-4COM-01,VIOLET-4COM-01
BLUE-3COM-01,BLUE-3COM-01
DGREEN-3COM-01,DGREEN-3COM-01
DPINK-3COM-01,DPINK-3COM-01
GREY-3COM-01,GREY-3COM-01
LGREEN-3COM-01,LGREEN-3COM-01
LPINK-3COM-01,LPINK-3COM-01
LVIOLET-3COM-01,LVIOLET-3COM-01
LYELLOW-3COM-01,LYELLOW-3COM-01
ORANGE-3COM-01,ORANGE-3COM-01
PEACH-3COM-01,PEACH-3COM-01
PINK-3COM-01,PINK-3COM-01
SAGA-3COM-01,SAGA-3COM-01
SKYBLUE-3COM-01,SKYBLUE-3COM-01
VIOLET-3COM-001,VIOLET-3COM-01
G-L2-BK-OR,BLABK+ORANGE-LGLOV-02
G-S2-BK-OR,BLACK+ORANGE-SGLOV-02
G-L2-BK-PK,BLACK+PINK-LGLOV-02
G-S2-BK-PK,BLACK+PINK-SGLOV-02
G-L2-BL-GR,BLUE+GREEN-LGLOV-02
G-S2-BL-GR,BLUE+GREEN-SGLOV-02
G-L2-BL-PI,BLUE+PINK-LGLOV-02
G-S2-BL-PI,BLUE+PINK-SGLOV-02
G-L2-VI-GR,VIOLET+GREEN-LGLOV-02
G-S2-VI-GR,VIOLET+GREEN-SGLOV-02
G-L2-OR-GR,ORANGE+GREEN-LGLOV-02
G-S2-OR-GR,ORANGE+GREEN-SGLOV-02
G-L2-GR-PI,GREEN+PINK-LGLOV-02
G-S2-GR-PI,L.GREEN+PINK-GLOV-02
8B-ZQI6-QEBO,WHITE-HEART-01
NP-3ZSK-8K41,BLUE+WHITE-LID-02
X1-1Y3I-CF6Q,BLACK-SQ-02
J1-1HWM-VLVP,BLACK-SQ-02
7B-NGUJ-IFDT,BLACK-CR/L-01
X6-I2FV-74W5,S.BLUE-CR+BALL-02
DI-IUSJ-SGZ6,PEACH-HEART-02
FK-ZFPL-CQO0,BLACK-RH-01
33-XWAJ-133X,PEACH-RH-01
P6-KD7K-SJ6E,GREEN-RH-02
N7-AJ2X-QT3W,MAG-RH-01
7V-2I0O-GOMX,ORANGE-RH-01
76-6B1A-OSLN,PEACH-RH-02
M9-FP1Z-F2FI,VIOLET-RH-01
VL-39G8-EGEM,MAG-CR-02
C5-AJLU-NPZX,ORANGE-CR-02
J3-MG6I-JP8J,VIOLET-CR-02
C9-0IDF-T3LL,BLACK-CR-02
QT-0DEG-1YY7,BLUE-CR-02
Z5-LUXK-6MC9,GREY-CR-02
T5-9QWW-CO6V,WHITE-CR-02
AA-I913-IJBW,WHITE-CR-01
AA-I913-IJBW,BLACK-SQ-01
TW-G9T3-WN11,BLACK-CR-01
ID-CWPL-AMG9,L.BLUE-CR-01
VK-L65Y-BH6X,D.GREEN-CR-01
JR-J5P0-2BMK,GREY-CR-01
WV-2ZHB-VSSY,PINK-CR-01
KN-GBBW-1969,VIOLET-CR-01
LR-E716-BVNJ,WHITE-CR-01
0H-70M5-QCBG,BLACK-CR/L+FBALL-02
LM-J38C-H9SM,D.GREEN-FCR+FBALL-02
J0-ER15-RP80,GREY-CR/L+FBALL-02
5M-5CA8-5CXE,GREY-CR-01
5M-5CA8-5CXE,MAG-HEART-02
PL-IQA4-UPU0,BLACK-CR-1
PL-IQA4-UPU0,MAG-RH-01
UM-9SK5-H0O3,BLACK-CR-1
UM-9SK5-H0O3,ORANGE-BBALL-1
CL-UKOT-DJA6,VIOLET-CR-01
CL-UKOT-DJA6,BLACK-FBALL-01
9P-X7ME-IC1R,GREY-CR-01
53-08LG-B5Y4,S.BLUE-3COM-01
7H-3IT1-Q699,L.COLOR-4COM-04
2N-C2BC-8J0V,D.COLOR-4COM-04
DO-IAWD-YE9E,L.SAGA-3COM-04
V5-MX7Q-KPSP,PEACH-3COM-04
KB-AEH3-FRMF,S.BLUE-3COM-04
0E-R9US-BHXK,L.COLOR-3COM-04
RT-X3HB-3Q6K,D.ORANGE-3COM-04
5R-Z2GT-XZTZ,L.RED-3COM-04
35-14KL-IIS6,S.BLUE-4COM-06
35-GTV6-WP94,L.COLOR-4COM-06
QM-Y45T-KB0S,L.COLOR-4COM-06
HD-P10X-BQ1J,D.COLOR-4COM-06
C9-G8MU-NBJ7,BLACK-BALL+SQ-02
OY-WFNI-W7HG,MAG-HEART-03
2P-8H3C-OUKE,PINK-HEART-03
EM-8NZU-KJYH,BLACK-HEX-03
L6-T1G6-56VT,GREY-GLOV-01
HP-XU4D-UIDO,PINK-GLOV-01
D4-DDMC-VPMX,GREY-SQ-02
NZ-4RZ5-YRSZ,WHITE-SQ-02
LJ-PGR3-M3NW,PEACH+GREEN-RH-02
IN-LX9G-1AQ9,L.GREEN-SQ-02
ND-3NNJ-YQI7,S.BLUE-SQ-02
TN-8VQN-FZ7S,PINK-SQ-02
GY-DFRM-3GIW,GREY-SQ-02
FQ-Q4VJ-SXAT,BLACK-SQ-02
P9-H52P-D7PI,BLACK-SQ-01
RL-9XY4-OUON,BLACK-SQ-02
0C-V6ES-9UDQ,PINK-SQ-02
99-EHZ0-F312,S.BLUE-SQ-02
L6-HSZR-TWI0,L.GREEN-SQ-02
7Q-ZIBP-XKBA,BLACK-BALL+SQ-02
1O-XZR9-4PDJ,S.BLUE-3COM-01
XO-78KU-TFXC,S.BLUE+PEACH-3COM-02
2A-ALA4-C7FN,SAGA+D.PINK-3COM-02
ZQ-PJTC-FIMM,L.COLOR-3COM-04
3B-MRQ3-QCHF,L.COLOR-3COM-04
ZH-YBOA-PNTT,M.COLOR-3COM-04
VIOLET-3COM-01,L.VIOLET-3COM-01
AR-1WKP-55LK,S.BLUE-3COM-01
Z4-WNO2-CU82,L.SAGA-3COM-01
HT-F61L-HN4N,GREY-BALL-01
9A-034J-GHTM,S.BLUE+D.PINK-4COM-02
DG-8OTL-UNLD,PEACH-HEAR-02
1G-WMCG-491L,GREY-SQ-04
KG-ULAF-CV9A,S.BLUE-4COM-01
BLACK-CR-FB-02,BLACK-CR/L-FBALL-02
BLUE-CR-FB-02,L.BLUE-CR/L-BBALL-02
GRAY-CR-FB-02,GRAY-CR-FBALL-02
GREEN-CR-FB-02,GREEN-CR-FBALL-02
PINK-CR-FB-02,PINK-CR-FBALL-02
VIOLET-CR-FB-02,VIOLET-CR/L-BBALL-02
WHITE-CR-FB-02,WHITE-CR-FBALL-02
BLACK-CR-01,BLACK-CR-01
BLUE-CR-01,BLUE-CR-01
GRAY-CR-01,GRAY-CR-01
GREEN-CR-01,GREEN-CR-01
PINK-CR-01,PINK-CR-01
VIOLET-CR-01,VIOLET-CR-01
WHITE-CR-01,WHITE-CR-01
VIOLET-CR-PINK-RH-02,VIOLET-CR/L-01
VIOLET-CR-PINK-RH-02,PINK-RH-01
WHITE-CR-BLACK-SQ-02,WHITE-CR-01
WHITE-CR-BLACK-SQ-02,BLACK-SQ-01
GREY-CR-MAG-HT2-03,GREY-CR-01
GREY-CR-MAG-HT2-03,D.RED-HEART-02
BK-CR-PINK-MAT2-03,BLACK-CR-01
BK-CR-PINK-MAT2-03,PINK-MAT-02
ORG-CR-VI-4COM-02,ORANGE-CE-01
ORG-CR-VI-4COM-02,VIOLET-4COM-01
ORANGE-CR-BALL-02,ORANGE-CR/L+BBALL-02
WHITE-CR-PINK-3COM-02,WHITE-CR-01
WHITE-CR-PINK-3COM-02,PINK-3COM-01
NO-O8MT-DHIV,PEACH-RH-02
06-KQIT-DKBI,PEACH-3COM-01
7E-W739-OWOK,GREY-3COM-01
ON-4M5O-071G,L.RED-3COM-01
5S-WRZ7-2F15,WHITE-LID-01
6A-SBR0-JL9K,GREEN-RH-01
0H-PZD9-Y0V1,GREEN-RH-01
K0-JXUE-3MYL,PEACH-RH-01
VE-TF6D-2WIO,BLACK-FBALL-01
ZQ-P270-4CCI,GREEN-FBALL-01
ZQ-P270-4CCI,BLUE-BBALL-01
ZQ-P270-4CCI,BROWN-BALL-01
U5-JR7E-S176,D.YELLOW-3COM-01
LI-7OQA-I108,BLUE-FBALL-01
LBBC-3,D.VIOLET-3COM-1
LBBC-3,PINK-BALL-1
LBBC-3,WHITE-CUB-1
LBCS-3,D.VIOLET-3COM-1
LBCS-3,RED-ROUND-1
LBCS-3,BLACK-CR/L-1
LBRHH-3,L.BLUE-3COM-1
LBRHH-3,GREEN-RH-1
LBRHH-3,PINK-HEART-1
LBSQO-3,BLACK-SQ-01
LBSQO-3,WHITE-3COM-01
LBSQO-3,BLUE-HEX-01
GO-BD1U-3Z96,WHITR-FBALL+RH+HEART+SQ-04
4B-8D0U-8C79,BLACK-BBALL-01
4B-8D0U-8C79,PINK-HEART-01
GX-J9D2-X14D,PINK-BBALL-RH-02
JP-P356-H7ZF,D.GREEN-FBALL+CE/L-02
GB-WHHS-4EO6,BLACK-FBALL+BBALL-02
D3-0LF1-V1SY,D.BLUE-FBALL+4COM-02
NI-TCWX-5PNT,GREY-FBALL+SQ-02
MA-2-BLUE,BLUE-MAT-02
MA-2-GRAY,GREY-MAT-02
MA-2-GREEN,L.GREEN-MAT-02
MA-2-MAGENTA,MAG-MAT-02
MA-2-ORANGE,ORANGE-MAT-02
MA-2-PINK,PINK-MAT-02
MA-2-WHITE,WHITE-MAT-02
0Y-WZ8D-X2AJ,L.YELLOW-MAT-02
S4-CFQK-AVF7,SAGA-MAT-02
PG-JSCN-FVPK,GREY-MAT-02
A6-2O07-ENEC,L.YELLOW-MAT-04
L5-STQP-2843,SAGA,GREY,PEACH,VIOLET-MAT-04
33-9G2J-BHUJ,SAGA-MAT-04
0R-6KGJ-6W1Z,GREY-MAT-04
FK-50WO-7QOE,VIOLET-MAT-04
Z9-LCZD-F49Z,VIOLET-MAT-02
2H-13C,ORANGE-HEART2+3COM-03
2H-14C,GREY-HEART2+4COM-03
2H-1B,PEACH-HEART-02
2H-1B,BLACK-FBABALL-01
2H-1C,L.BLUE-HEART2+CR/L-03
2H-1RH,MAG-HEART2+RH-03
2H-1S,L.GREEN-HEART2+SQ-03
3H-CHOC,BROWN-HEART-03
HG-5RDG-20IB,VIOLET-RH+MAT2+LID-04
UJ-QPDH-7LGE,D.BLUE-RH+4COM-02
8X-CPU3-EF6P,L.BLUE-RH+FBALL-02
T1-HG5H-X2ZE,BLACK-RH-CR/L-02
OS-KU1L-MPH0,L.GREEN-RH+GLOV+LID-03
JM-CI5J-AFHW,PINK-RH+HEART-02
J2-6VJK-ZSSA,ORANGE-RH+SQ-02
RD-T06D-ZE8C,BLACK-SQ+BALL-02
IJ-WEB6-UMXE,BLACK-SQ+RH-02
NU-3F7C-DWDK,L.BLUE-SQ+RH-02
WJ-9D6S-AERL,GREY-SQ+RH-02
FE-51TL-ICSF,L.GREEN-SQ+RH-02
10-HQA1-FZ6X,MAG-SQ+RH-02
U7-R8F7-JQDI,PINK-SQ+RH-02
M6-JTZF-B468,WHITE-SQ+RH-02
8O-LZ1M-Q3L8,BLACK-SQ+BBALL-02
AS-NJKA-96BO,WHITE-SQ+CR-02
GQ-SV5T-0RE6,GREY-SQ-FBALL-02
TR-Z7QB-TVA4,BLUE-SQ+LID+GLOV-03
XS-P0NO-7ROB,MAG-SQ+HEART-02
DH-IMES-C8V4,ORANGE-SQ+4COM-02
9N-EC6L-EBKW,PINK-SQ+RH-02
WR-8BXU-YBS8,BLUE-LID-01
VW-SQNR-YH8E,WHITE-LID-01
ML-JLFV-EN5C,BLACK-FBALL-01
36-KMPT-ME3A,WHITE-4COM-01
SD-3DRB-SERI,D.GREEN-LRED-3COM-02
C5-F54X-2O6P,GREY-SQ+BALL-02
8G-WEB0-UZE1,LYELLOW-3COM01
KK-UB4G-VKO0,L.VIOLET-3COM-01
O8-SFU6-JC29,L.BLUE-3COM-01
8E-PLFM-LYK3,S.BLUE-3COM-01
H9-LK49-IWLJ,L.SAGA-3COM-01
YL-GGOC-UVUM,PEACH-3COM-01
AH-G99H-71Q2,PEACH-RH-01
ES-LNR8-5KX1,WHITE-MAT-04
PS-FYW9-7V5L,GREEN-MAT-04
RZ-ICAA-GP99,LYELLOW-MAT-04
0T-EODX-UX1Y,MCOLOR-4COM-04
DF-RS76-B5E9,DCOLOR-4COM-04
QE-HW2T-IK9G,DCOLOR-4COM-04
7S-ZA6W-LN9O,DCOLOR-4COM-04
Z0-L0EH-D3Y3,DCOLOR-4COM-04
ON-D2F1-W9ED,DCOLOR-4COM-04
J3-IJB7-IP1E,LCOLOR-4COM-04
PZ-Z8YX-TP8C,LCOLOR-4COM-04
RK-J4SU-88LL,LCOLOR-4COM-04